,email,name,phone
0,547YG@gmail.com,Cm,4500791371
1,6l7@gmail.com,G,9366032644
2,x@gmail.com,Zzwkpl,7162065109
3,B028587C@gmail.com,Vef,3419827013
4,G2wX@gmail.com,Hcc,1863000259
5,2jK4a95f@gmail.com,Ggse,8755829820
6,BO@gmail.com,Nsd,5209353594
7,7Yl7S@gmail.com,Bcor,2091138108
8,RZ5fdrw2@gmail.com,Algos,1489081119
9,OVc8Vr@gmail.com,Fwiacy,7451585314
10,5@gmail.com,Pa,4108946356
11,00nD@gmail.com,D,9267381745
12,05iv@gmail.com,Hiqix,9618616813
13,SzAE@gmail.com,Jctvux,4959459510
14,09119p7@gmail.com,Rn,5672262029
15,P8KA@gmail.com,La,2275825592
16,9sY1@gmail.com,Xochgid,6424024302
17,D@gmail.com,Znn,9435104778
18,52iYZF@gmail.com,Wjqdrxm,6859570972
19,72jv3U@gmail.com,R,8015413201
20,3p@gmail.com,C,9498283806
21,2G1@gmail.com,Zrjulr,5470019433
22,ZAWYEMs8@gmail.com,Kpvkaxw,5013627763
23,R9Bc7A5@gmail.com,Mmvkdstj,6840895253
24,5c@gmail.com,Gcrxjjs,3956749740
25,WdL72Qc4@gmail.com,Ywhczhh,5571175820
26,3384d@gmail.com,S,9347928224
27,WW11Y91@gmail.com,O,2025331106
28,Nk2G9@gmail.com,Smvgyxtk,8619451792
29,s@gmail.com,Mi,4166280094
30,2@gmail.com,Xsau,2205665558
31,jB7k1@gmail.com,Yrxsxvdw,3738295468
32,nR32x8S@gmail.com,Xzfckdt,1788279168
33,j0@gmail.com,Ljhcfs,9071957643
34,4f93@gmail.com,Guibv,6347046162
35,5SQdd08@gmail.com,Ahhhc,3508063171
36,40856@gmail.com,Jhyzpszo,9659550252
37,w1p@gmail.com,Boksjej,3584280676
38,W2X7@gmail.com,Jmvlyvxq,6191322280
39,971oW@gmail.com,Kszq,1157306625
40,j95@gmail.com,Ad,8154742257
41,90299p8z@gmail.com,E,7859606827
42,a178@gmail.com,Dqoq,4603105514
43,D8I4@gmail.com,Yuyhwkgd,5941914849
44,Cn2HLV@gmail.com,Cacpxy,7178657668
45,04Lm@gmail.com,Dtr,7368964547
46,f19@gmail.com,Zpwznddc,6879157733
47,837i1@gmail.com,Toose,8563752658
48,fU7DrQ@gmail.com,Qpxus,3063965043
49,7HBf@gmail.com,Zsqjo,2194508613
50,7Ie6@gmail.com,Mezptb,2315974410
51,11L8@gmail.com,Wqixyyqa,5426329385
52,gyO6@gmail.com,Ce,8520663023
53,5@gmail.com,Ir,5052014393
54,6m8i33Du@gmail.com,Fql,8774692110
55,o@gmail.com,Sotwqvwf,5583463331
56,91034@gmail.com,Rjveamk,2469435947
57,91u8U1z9@gmail.com,Xoy,1120159209
58,06exn713@gmail.com,Pwfbb,5769801551
59,mrh97@gmail.com,Az,9473345130
60,hmL@gmail.com,Ntlhdd,2648663146
61,4Q9xlaf@gmail.com,Kpugnxn,3773474131
62,5UrA856@gmail.com,Lzew,1708634111
63,b3b4k@gmail.com,Kyzz,3350415241
64,F@gmail.com,Wkmijhvf,6632962391
65,N2u15@gmail.com,Gvruez,9186238970
66,4G0GjF@gmail.com,Zj,7512680884
67,4sffJU9l@gmail.com,Fpny,5238758636
68,3@gmail.com,Aefspu,4941393152
69,mOr61U36@gmail.com,Masoapva,3964677311
70,66@gmail.com,Lq,9413778053
71,yP679Gp@gmail.com,Nfzp,6503057760
72,1le381d3@gmail.com,Aqo,4625912285
73,6@gmail.com,Iitl,1498254916
74,8959292I@gmail.com,Drjnnldu,3459106983
75,xo9@gmail.com,Kuiejaj,4800374458
76,I78coq9@gmail.com,Nx,2057827970
77,DGBpdz@gmail.com,R,5029556878
78,15D@gmail.com,Uhrjh,5920305004
79,K2ID1AC@gmail.com,Zokcmk,2550247857
80,u5jP9s@gmail.com,Uywcgjfy,7144498003
81,A25j9UT@gmail.com,Hfgdfc,7554522857
82,7g888@gmail.com,Rgpevwf,2474429072
83,u0@gmail.com,Makrqhp,2988928875
84,655G6@gmail.com,Qd,4778282251
85,98J02xPC@gmail.com,Pgfylok,4191344395
86,9ooS5Co@gmail.com,Arpztiyu,3885576504
87,wt9Xn8@gmail.com,Ldpnnu,3683193904
88,5VEG9@gmail.com,Qbwfb,2128236882
89,nB72Ha@gmail.com,Re,1838325377
90,c3r32@gmail.com,Uqxvrkz,5648282810
91,2@gmail.com,Rzbfyf,3265617360
92,D31@gmail.com,Grsxqha,2487271084
93,iO@gmail.com,Hbuezwt,1912213048
94,QPy@gmail.com,Whdnqo,5554274676
95,HM@gmail.com,Rywlv,6506395739
96,0@gmail.com,Ng,7028273587
97,z8lA26A4@gmail.com,Xasalw,2780870162
98,07@gmail.com,Cgv,2453102585
99,y3R361c7@gmail.com,Eywgrjio,8017368968
100,1V@gmail.com,Rhbyj,7172539388
101,Vl@gmail.com,Epthvqec,6449566379
102,d7q403Qh@gmail.com,Dun,1191387457
103,l5L0csc2@gmail.com,Kik,4795211139
104,P@gmail.com,X,5425494842
105,73amY7@gmail.com,Aepvrth,9127289574
106,vO96d9@gmail.com,Jctohvc,9001522844
107,lEQ2597B@gmail.com,Cihplofk,2860513034
108,77pyL6@gmail.com,Wufwktoi,4687578350
109,6q@gmail.com,Fof,3387438289
110,ZHV5R@gmail.com,I,1952981720
111,A8dL345u@gmail.com,Tvspymag,1027990701
112,YrPV54@gmail.com,Txburobp,4725739364
113,C@gmail.com,Jgvp,1355286373
114,1ycmDf@gmail.com,Kk,6482602187
115,SXBm@gmail.com,F,6621988190
116,6@gmail.com,Euf,4292452811
117,W@gmail.com,Ctx,5648561918
118,2X559b71@gmail.com,Ncz,6085640534
119,4kqC2I1@gmail.com,B,2085156478
120,S@gmail.com,Cvmpg,3450352060
121,5Vn4@gmail.com,Wthz,1961656427
122,2dE@gmail.com,Igom,1781117747
123,5RzI0@gmail.com,Z,6395803508
124,9@gmail.com,Nthedq,9291402751
125,573g@gmail.com,Hc,1269811280
126,mHypG6@gmail.com,Hjskk,2220284430
127,P4V@gmail.com,W,8897847065
128,92njVY@gmail.com,Uoljjvrg,8628788364
129,X@gmail.com,Knpekbox,5506639493
130,G8V482T@gmail.com,Gw,8359961744
131,G@gmail.com,Hbtn,9983923946
132,9Eh@gmail.com,Pcgd,1838433884
133,Tw1y6N@gmail.com,Ux,3691832680
134,11@gmail.com,Lt,1535141891
135,ZUG88F8@gmail.com,Tgeni,4732427627
136,0Ld88L8@gmail.com,Yhjdxxoc,3909438630
137,39c7X@gmail.com,Cpo,3391445280
138,GQ9RwW@gmail.com,Fzixs,1414256207
139,mO297@gmail.com,Szap,4147431346
140,9S0t8@gmail.com,Xebde,1041946154
141,6n9m@gmail.com,Xpe,3760569728
142,7@gmail.com,B,1019903222
143,57A@gmail.com,Toipxku,7864469927
144,NG06@gmail.com,Av,8067221347
145,42v8W@gmail.com,Lior,8982119830
146,x6vI1Or0@gmail.com,Etumr,6673702850
147,S@gmail.com,Pyqdv,5561185747
148,D9S13M6@gmail.com,Kmhbpz,7814167850
149,t9Ku94@gmail.com,Kjfp,5571991725
150,84VrD89@gmail.com,Cr,2390205861
151,119h622@gmail.com,Yr,3858972274
152,3@gmail.com,Kwju,7954650183
153,z6gp6@gmail.com,Tknqpcqg,5319403568
154,4ZV5y@gmail.com,Yn,3813177431
155,J@gmail.com,Ufjbetk,7809883352
156,5@gmail.com,Tztof,8482633365
157,w586@gmail.com,Qmbsxki,1768149861
158,M@gmail.com,Krhijqg,7155309345
159,v5@gmail.com,Ybh,7917973481
160,V9pi0@gmail.com,Csdbrc,7620209509
161,Q773yo3@gmail.com,Fjeemu,1908616312
162,E31@gmail.com,Kjiuzqt,9450842867
163,7LEE3O@gmail.com,Guhhcpqm,4021988903
164,0Z@gmail.com,Owur,7240905711
165,q3@gmail.com,Ghswqh,2385943105
166,N2@gmail.com,Rkjkl,9469575662
167,4@gmail.com,Dpff,8995721052
168,5uR5@gmail.com,Jcivicr,4880152896
169,6y33@gmail.com,Yvf,9425923889
170,5678666b@gmail.com,Rnz,1759104587
171,jwbAo91A@gmail.com,Uvvgllbc,4041055638
172,e94m@gmail.com,Qs,6889604936
173,01b38@gmail.com,Icn,8543797505
174,P1r9V51@gmail.com,Epocao,6421081719
175,3@gmail.com,V,6470613747
176,0wve@gmail.com,Cxhxb,1155451639
177,IH8kP39@gmail.com,Nexquab,7311828379
178,5@gmail.com,Ef,7949180336
179,B1VC5@gmail.com,Mpli,2722732812
180,r@gmail.com,Ldnrq,2933681620
181,V@gmail.com,Kwoforsf,9603087055
182,d97713@gmail.com,Eyvolyo,3576590318
183,9fF8@gmail.com,X,5399590782
184,2eDi00C0@gmail.com,Xvo,7454033371
185,6@gmail.com,Royvmo,5124707078
186,aS99g602@gmail.com,Odntsz,1301549189
187,FK497@gmail.com,P,8646553138
188,29e513@gmail.com,Qcigcim,9519347079
189,6c3r0@gmail.com,Ytmkyg,4381613699
190,I7@gmail.com,G,9989918678
191,36t6@gmail.com,Wm,5750085709
192,0evU1xX@gmail.com,Ej,9475920519
193,67@gmail.com,Is,4301192053
194,KMynm@gmail.com,Seuzysrp,1306182994
195,r50l75@gmail.com,Ll,9624032648
196,2Q28@gmail.com,Y,8230767260
197,jBRTb2C3@gmail.com,Xaris,5126138452
198,3Q0zuOc@gmail.com,L,8870623649
199,2429d22p@gmail.com,Apc,2908573200
